across_panel_eligible_output_rate_median_median,across_panel_eligible_output_rate_median_median_ci95_high,across_panel_eligible_output_rate_median_median_ci95_low,across_panel_eligible_output_rate_median_median_ci_method,across_panel_eligible_output_rate_median_median_n,across_panel_eligible_output_rate_median_median_unit,across_panel_request_latency_median_median,across_panel_request_latency_median_median_ci95_high,across_panel_request_latency_median_median_ci95_low,across_panel_request_latency_median_median_ci_method,across_panel_request_latency_median_median_n,across_panel_request_latency_median_median_unit,across_panel_request_latency_p95_median,across_panel_request_latency_p95_median_ci95_high,across_panel_request_latency_p95_median_ci95_low,across_panel_request_latency_p95_median_ci_method,across_panel_request_latency_p95_median_n,across_panel_request_latency_p95_median_unit,across_panel_success_rate_median,across_panel_success_rate_median_ci95_high,across_panel_success_rate_median_ci95_low,across_panel_success_rate_median_ci_method,across_panel_success_rate_median_n,across_panel_success_rate_median_unit,across_panel_ttft_median_median,across_panel_ttft_median_median_ci95_high,across_panel_ttft_median_median_ci95_low,across_panel_ttft_median_median_ci_method,across_panel_ttft_median_median_n,across_panel_ttft_median_median_unit,across_panel_ttft_p95_median,across_panel_ttft_p95_median_ci95_high,across_panel_ttft_p95_median_ci95_low,across_panel_ttft_p95_median_ci_method,across_panel_ttft_p95_median_n,across_panel_ttft_p95_median_unit,aggregation_rule,attempted_n,cache_stratum,elapsed_hours_max,first_panel_started_at_utc,last_panel_started_at_utc,mixed_subtype,panels_n,route_id,shape,success_n
51.07895458522522,53.30373856512445,48.85417060532599,epoch/block-bootstrap-percentile,2,tokens/second,7.3798998819547705,7.615240947983693,6.756122415477876,epoch/block-bootstrap-percentile,7,seconds,8.09060544561944,8.58319873465807,6.867702543881023,epoch/block-bootstrap-percentile,7,seconds,1.0,1.0,1.0,epoch/block-bootstrap-percentile,7,proportion,6.491868735989556,7.169508657010738,6.177600906521548,epoch/block-bootstrap-percentile,7,seconds,6.6070267293718645,8.010356091271387,6.215796256234171,epoch/block-bootstrap-percentile,7,seconds,median across registered panels; panels are sampling units,14,panel_unique_cold,5.999885293888889,2026-08-28T20:21:23.497405Z,2026-08-29T02:21:23.084463Z,not_applicable,7,deepseek-v4-flash-0731,long_short,14
40.590874679100956,54.946457239634945,17.171073073228328,epoch/block-bootstrap-percentile,3,tokens/second,7.0954244144959375,8.315651291050017,6.43302000046242,epoch/block-bootstrap-percentile,7,seconds,8.530694844597019,10.86720597181702,6.953858485829551,epoch/block-bootstrap-percentile,7,seconds,1.0,1.0,1.0,epoch/block-bootstrap-percentile,7,proportion,6.3735728350584395,6.695765494019724,5.024924973957241,epoch/block-bootstrap-percentile,7,seconds,6.700340596691239,6.865123539598425,6.401271399238612,epoch/block-bootstrap-percentile,7,seconds,median across registered panels; panels are sampling units,14,stable_exact_prompt,5.999885293888889,2026-08-28T20:21:23.497405Z,2026-08-29T02:21:23.084463Z,not_applicable,7,deepseek-v4-flash-0731,long_short,14
28.499713299160664,53.6051870128866,3.394239585434718,epoch/block-bootstrap-percentile,2,tokens/second,6.958346871077083,8.822777140070684,6.819435760029592,epoch/block-bootstrap-percentile,7,seconds,6.958346871077083,8.822777140070684,6.819435760029592,epoch/block-bootstrap-percentile,7,seconds,1.0,1.0,1.0,epoch/block-bootstrap-percentile,7,proportion,6.563971624942496,6.7042631870135665,6.434948515030555,epoch/block-bootstrap-percentile,7,seconds,6.563971624942496,6.7042631870135665,6.434948515030555,epoch/block-bootstrap-percentile,7,seconds,median across registered panels; panels are sampling units,7,panel_unique_cold,5.999885293888889,2026-08-28T20:21:23.497405Z,2026-08-29T02:21:23.084463Z,long_short:in100000:out128,7,deepseek-v4-flash-0731,mixed,7
52.348462426600186,,,single-block-no-CI,1,tokens/second,6.486960535985418,8.932802097988315,1.673449983005412,epoch/block-bootstrap-percentile,7,seconds,6.486960535985418,8.932802097988315,1.673449983005412,epoch/block-bootstrap-percentile,7,seconds,1.0,1.0,1.0,epoch/block-bootstrap-percentile,7,proportion,6.21480805799365,6.703681570012122,1.3996976698981598,epoch/block-bootstrap-percentile,7,seconds,6.21480805799365,6.703681570012122,1.3996976698981598,epoch/block-bootstrap-percentile,7,seconds,median across registered panels; panels are sampling units,7,stable_exact_prompt,5.999885293888889,2026-08-28T20:21:23.497405Z,2026-08-29T02:21:23.084463Z,long_short:in100000:out128,7,deepseek-v4-flash-0731,mixed,7
55.02702815078245,55.65013545666693,53.26227352908829,epoch/block-bootstrap-percentile,7,tokens/second,3.1384257080499083,3.788318980950862,2.9008036869345233,epoch/block-bootstrap-percentile,7,seconds,3.1384257080499083,3.788318980950862,2.9008036869345233,epoch/block-bootstrap-percentile,7,seconds,1.0,1.0,1.0,epoch/block-bootstrap-percentile,7,proportion,0.6008668629219756,0.733416793984361,0.4401232770178467,epoch/block-bootstrap-percentile,7,seconds,0.6008668629219756,0.733416793984361,0.4401232770178467,epoch/block-bootstrap-percentile,7,seconds,median across registered panels; panels are sampling units,7,panel_unique_cold,5.999885293888889,2026-08-28T20:21:23.497405Z,2026-08-29T02:21:23.084463Z,structured:in1024:out512,7,deepseek-v4-flash-0731,mixed,7
54.7097251255958,55.93218073999975,48.61620934391598,epoch/block-bootstrap-percentile,7,tokens/second,3.321146413916722,4.498285767971538,2.9170784830348566,epoch/block-bootstrap-percentile,7,seconds,3.321146413916722,4.498285767971538,2.9170784830348566,epoch/block-bootstrap-percentile,7,seconds,1.0,1.0,1.0,epoch/block-bootstrap-percentile,7,proportion,0.48127231502439827,0.5800040630856529,0.4697338059777394,epoch/block-bootstrap-percentile,7,seconds,0.48127231502439827,0.5800040630856529,0.4697338059777394,epoch/block-bootstrap-percentile,7,seconds,median across registered panels; panels are sampling units,7,stable_exact_prompt,5.999885293888889,2026-08-28T20:21:23.497405Z,2026-08-29T02:21:23.084463Z,structured:in1024:out512,7,deepseek-v4-flash-0731,mixed,7
49.654473070156804,55.60408103000613,48.49238106826368,epoch/block-bootstrap-percentile,7,tokens/second,83.34324644698063,85.2791074559791,74.11279084405396,epoch/block-bootstrap-percentile,7,seconds,85.9573578365962,88.12518574436545,74.45737822168739,epoch/block-bootstrap-percentile,7,seconds,1.0,1.0,1.0,epoch/block-bootstrap-percentile,7,proportion,0.7086445990134962,1.3390254644909874,0.5605047754361294,epoch/block-bootstrap-percentile,7,seconds,0.8177422083390411,2.1638830348616467,0.6376860434480476,epoch/block-bootstrap-percentile,7,seconds,median across registered panels; panels are sampling units,14,panel_unique_cold,5.999885293888889,2026-08-28T20:21:23.497405Z,2026-08-29T02:21:23.084463Z,not_applicable,7,deepseek-v4-flash-0731,short_long,14
50.64876888881082,54.28036309650595,48.71958804137428,epoch/block-bootstrap-percentile,7,tokens/second,77.38065785000799,83.84564002399566,74.45099033799488,epoch/block-bootstrap-percentile,7,seconds,82.183572716848,84.99593072424759,77.58698316676892,epoch/block-bootstrap-percentile,7,seconds,1.0,1.0,1.0,epoch/block-bootstrap-percentile,7,proportion,0.5988498635706492,0.7565854550339282,0.5349160320474766,epoch/block-bootstrap-percentile,7,seconds,0.728880125231808,0.8777785316458904,0.578422049159417,epoch/block-bootstrap-percentile,7,seconds,median across registered panels; panels are sampling units,14,stable_exact_prompt,5.999885293888889,2026-08-28T20:21:23.497405Z,2026-08-29T02:21:23.084463Z,not_applicable,7,deepseek-v4-flash-0731,short_long,14
,,,epoch/block-bootstrap-percentile,0,tokens/second,0.6277710275026038,1.011806440539658,0.6086361759807914,epoch/block-bootstrap-percentile,7,seconds,0.7076534973806702,1.3832266039447858,0.6739552515326068,epoch/block-bootstrap-percentile,7,seconds,1.0,1.0,1.0,epoch/block-bootstrap-percentile,7,proportion,0.5544598145643249,0.9042004230432212,0.518530291505158,epoch/block-bootstrap-percentile,7,seconds,0.6615452391502914,1.2633252603816798,0.5871923686354421,epoch/block-bootstrap-percentile,7,seconds,median across registered panels; panels are sampling units,14,panel_unique_cold,5.999885293888889,2026-08-28T20:21:23.497405Z,2026-08-29T02:21:23.084463Z,not_applicable,7,deepseek-v4-flash-0731,short_short,14
,,,epoch/block-bootstrap-percentile,0,tokens/second,0.6613589335465804,0.708341596997343,0.6227479494991712,epoch/block-bootstrap-percentile,7,seconds,0.6861930480110459,0.9125496610999106,0.6667576844163705,epoch/block-bootstrap-percentile,7,seconds,1.0,1.0,1.0,epoch/block-bootstrap-percentile,7,proportion,0.5820865469868295,0.6149448375217617,0.5166678850073367,epoch/block-bootstrap-percentile,7,seconds,0.6482966754469089,0.7933333772001787,0.544341654679738,epoch/block-bootstrap-percentile,7,seconds,median across registered panels; panels are sampling units,14,stable_exact_prompt,5.999885293888889,2026-08-28T20:21:23.497405Z,2026-08-29T02:21:23.084463Z,not_applicable,7,deepseek-v4-flash-0731,short_short,14
21.32535258873024,27.85570118581854,11.04712897619008,epoch/block-bootstrap-percentile,7,tokens/second,55.43906570202671,60.86848292249488,52.856043131498154,epoch/block-bootstrap-percentile,7,seconds,56.224179147341054,67.35210723910131,53.20334495091228,epoch/block-bootstrap-percentile,7,seconds,1.0,1.0,1.0,epoch/block-bootstrap-percentile,7,proportion,50.60625918104779,51.549641493475065,49.66338484699372,epoch/block-bootstrap-percentile,7,seconds,50.84043610218214,53.09221916676615,49.934900316502905,epoch/block-bootstrap-percentile,7,seconds,median across registered panels; panels are sampling units,14,panel_unique_cold,5.999885293888889,2026-08-28T20:21:23.497405Z,2026-08-29T02:21:23.084463Z,not_applicable,7,gemma-4-31B-it,long_short,13
25.71355635831947,28.79409861808932,15.400395677786676,epoch/block-bootstrap-percentile,7,tokens/second,138.84798516199226,154.38179241400212,98.448668772995,epoch/block-bootstrap-percentile,7,seconds,144.34343412738525,161.39874027797487,140.7471742869413,epoch/block-bootstrap-percentile,7,seconds,1.0,1.0,1.0,epoch/block-bootstrap-percentile,7,proportion,124.56882232008502,151.89191687200218,96.22245296800975,epoch/block-bootstrap-percentile,7,seconds,142.3088275183807,157.9109744329471,138.34884463661584,epoch/block-bootstrap-percentile,7,seconds,median across registered panels; panels are sampling units,14,stable_exact_prompt,5.999885293888889,2026-08-28T20:21:23.497405Z,2026-08-29T02:21:23.084463Z,not_applicable,7,gemma-4-31B-it,long_short,13
7.312855435936066,19.54360796263574,3.6907605637978005,epoch/block-bootstrap-percentile,7,tokens/second,58.404791230103,71.88256240298506,53.92677590006497,epoch/block-bootstrap-percentile,7,seconds,58.404791230103,71.88256240298506,53.92677590006497,epoch/block-bootstrap-percentile,7,seconds,1.0,1.0,1.0,epoch/block-bootstrap-percentile,7,proportion,50.396209786995314,51.00107640901115,49.51633437909186,epoch/block-bootstrap-percentile,7,seconds,50.396209786995314,51.00107640901115,49.51633437909186,epoch/block-bootstrap-percentile,7,seconds,median across registered panels; panels are sampling units,7,panel_unique_cold,5.999885293888889,2026-08-28T20:21:23.497405Z,2026-08-29T02:21:23.084463Z,long_short:in100000:out128,7,gemma-4-31B-it,mixed,7
27.265217451541066,31.692870140662894,24.78759744911007,epoch/block-bootstrap-percentile,7,tokens/second,53.364255893975496,55.0740121799754,52.37718720396515,epoch/block-bootstrap-percentile,7,seconds,53.364255893975496,55.0740121799754,52.37718720396515,epoch/block-bootstrap-percentile,7,seconds,1.0,1.0,1.0,epoch/block-bootstrap-percentile,7,proportion,50.667320890002884,51.83184430398978,49.8869170100661,epoch/block-bootstrap-percentile,7,seconds,50.667320890002884,51.83184430398978,49.8869170100661,epoch/block-bootstrap-percentile,7,seconds,median across registered panels; panels are sampling units,7,stable_exact_prompt,5.999885293888889,2026-08-28T20:21:23.497405Z,2026-08-29T02:21:23.084463Z,long_short:in100000:out128,7,gemma-4-31B-it,mixed,7
41.03366889222179,43.6130792814235,10.874254404243326,epoch/block-bootstrap-percentile,7,tokens/second,3.16066672001034,35.45331368991174,2.610567483934574,epoch/block-bootstrap-percentile,7,seconds,3.16066672001034,35.45331368991174,2.610567483934574,epoch/block-bootstrap-percentile,7,seconds,1.0,1.0,1.0,epoch/block-bootstrap-percentile,7,proportion,0.6458135340362787,25.79747926699929,0.6120152859948575,epoch/block-bootstrap-percentile,7,seconds,0.6458135340362787,25.79747926699929,0.6120152859948575,epoch/block-bootstrap-percentile,7,seconds,median across registered panels; panels are sampling units,7,panel_unique_cold,5.999885293888889,2026-08-28T20:21:23.497405Z,2026-08-29T02:21:23.084463Z,structured:in1024:out512,7,gemma-4-31B-it,mixed,7
44.95191207152643,53.12090327597035,42.61099857889937,epoch/block-bootstrap-percentile,6,tokens/second,2.559335837024264,2.7038964919629507,1.9831235820311122,epoch/block-bootstrap-percentile,6,seconds,2.559335837024264,2.7038964919629507,1.9831235820311122,epoch/block-bootstrap-percentile,6,seconds,1.0,1.0,1.0,epoch/block-bootstrap-percentile,7,proportion,0.6328646200126968,0.7691736480337568,0.5321670230478048,epoch/block-bootstrap-percentile,6,seconds,0.6328646200126968,0.7691736480337568,0.5321670230478048,epoch/block-bootstrap-percentile,6,seconds,median across registered panels; panels are sampling units,7,stable_exact_prompt,5.999885293888889,2026-08-28T20:21:23.497405Z,2026-08-29T02:21:23.084463Z,structured:in1024:out512,7,gemma-4-31B-it,mixed,6
37.03138615969165,50.161081816512834,25.073250895923795,epoch/block-bootstrap-percentile,6,tokens/second,66.41011192122824,97.71605813177302,40.667114704992855,epoch/block-bootstrap-percentile,6,seconds,80.72009307959816,127.4666820955259,40.95101624134986,epoch/block-bootstrap-percentile,6,seconds,1.0,1.0,1.0,epoch/block-bootstrap-percentile,7,proportion,0.6033771524962503,0.9390766209980939,0.49887058828608133,epoch/block-bootstrap-percentile,6,seconds,0.7203251374216052,1.4142488758167018,0.6089588431961601,epoch/block-bootstrap-percentile,6,seconds,median across registered panels; panels are sampling units,14,panel_unique_cold,5.999885293888889,2026-08-28T20:21:23.497405Z,2026-08-29T02:21:23.084463Z,not_applicable,7,gemma-4-31B-it,short_long,12
32.69508650019872,44.682697483457815,22.919342673376192,epoch/block-bootstrap-percentile,7,tokens/second,78.78583536850056,145.52092277799966,50.004219119553454,epoch/block-bootstrap-percentile,7,seconds,82.91654925624026,214.44005861705517,50.35299145698082,epoch/block-bootstrap-percentile,7,seconds,1.0,1.0,1.0,epoch/block-bootstrap-percentile,7,proportion,1.0295100375660695,13.560649866063613,0.4230875950306654,epoch/block-bootstrap-percentile,7,seconds,1.4680242542002815,25.30253754816367,0.4230875950306654,epoch/block-bootstrap-percentile,7,seconds,median across registered panels; panels are sampling units,14,stable_exact_prompt,5.999885293888889,2026-08-28T20:21:23.497405Z,2026-08-29T02:21:23.084463Z,not_applicable,7,gemma-4-31B-it,short_long,13
,,,epoch/block-bootstrap-percentile,0,tokens/second,1.191246074042283,27.55175479449099,0.6641009300365113,epoch/block-bootstrap-percentile,7,seconds,1.627588560571894,51.773666026728456,0.7509796571626793,epoch/block-bootstrap-percentile,7,seconds,1.0,1.0,1.0,epoch/block-bootstrap-percentile,7,proportion,1.016111065982841,23.496369318454526,0.5321721414802596,epoch/block-bootstrap-percentile,7,seconds,1.4625561217893845,44.16560778421117,0.6613217287813313,epoch/block-bootstrap-percentile,7,seconds,median across registered panels; panels are sampling units,14,panel_unique_cold,5.999885293888889,2026-08-28T20:21:23.497405Z,2026-08-29T02:21:23.084463Z,not_applicable,7,gemma-4-31B-it,short_short,14
,,,epoch/block-bootstrap-percentile,0,tokens/second,1.1070831504184753,11.053217380482238,0.6463277190341614,epoch/block-bootstrap-percentile,7,seconds,1.428460037894547,20.50681192157208,0.6837755841377656,epoch/block-bootstrap-percentile,7,seconds,1.0,1.0,1.0,epoch/block-bootstrap-percentile,7,proportion,0.9079866819665767,10.914463790482841,0.47262860648334026,epoch/block-bootstrap-percentile,7,seconds,1.2563671956129838,20.367359212378503,0.520828022970818,epoch/block-bootstrap-percentile,7,seconds,median across registered panels; panels are sampling units,14,stable_exact_prompt,5.999885293888889,2026-08-28T20:21:23.497405Z,2026-08-29T02:21:23.084463Z,not_applicable,7,gemma-4-31B-it,short_short,13
,,,epoch/block-bootstrap-percentile,0,tokens/second,7.011838008533232,7.236186462978367,6.659140231553465,epoch/block-bootstrap-percentile,7,seconds,7.492403074580943,7.721225700352807,6.780456242291256,epoch/block-bootstrap-percentile,7,seconds,1.0,1.0,1.0,epoch/block-bootstrap-percentile,7,proportion,7.3013720090384595,8.483009241055697,6.119734777021222,epoch/block-bootstrap-percentile,2,seconds,7.3013720090384595,8.483009241055697,6.119734777021222,epoch/block-bootstrap-percentile,2,seconds,median across registered panels; panels are sampling units,14,panel_unique_cold,5.999885293888889,2026-08-28T20:21:23.497405Z,2026-08-29T02:21:23.084463Z,not_applicable,7,glm-5.2,long_short,14
,,,epoch/block-bootstrap-percentile,0,tokens/second,6.515850664000027,7.000207859557122,2.5417595530161634,epoch/block-bootstrap-percentile,7,seconds,6.858335037739016,7.568893052404746,3.2301211546058766,epoch/block-bootstrap-percentile,7,seconds,1.0,1.0,1.0,epoch/block-bootstrap-percentile,7,proportion,5.690590829937719,,,single-block-no-CI,1,seconds,5.690590829937719,,,single-block-no-CI,1,seconds,median across registered panels; panels are sampling units,14,stable_exact_prompt,5.999885293888889,2026-08-28T20:21:23.497405Z,2026-08-29T02:21:23.084463Z,not_applicable,7,glm-5.2,long_short,14
,,,epoch/block-bootstrap-percentile,0,tokens/second,6.826038314029574,7.239401426981203,6.575250014080666,epoch/block-bootstrap-percentile,7,seconds,6.826038314029574,7.239401426981203,6.575250014080666,epoch/block-bootstrap-percentile,7,seconds,1.0,1.0,1.0,epoch/block-bootstrap-percentile,7,proportion,6.581537889898755,,,single-block-no-CI,1,seconds,6.581537889898755,,,single-block-no-CI,1,seconds,median across registered panels; panels are sampling units,7,panel_unique_cold,5.999885293888889,2026-08-28T20:21:23.497405Z,2026-08-29T02:21:23.084463Z,long_short:in100000:out128,7,glm-5.2,mixed,7
,,,epoch/block-bootstrap-percentile,0,tokens/second,6.608979883021675,7.780225916998461,5.7068056020652875,epoch/block-bootstrap-percentile,7,seconds,6.608979883021675,7.780225916998461,5.7068056020652875,epoch/block-bootstrap-percentile,7,seconds,1.0,1.0,1.0,epoch/block-bootstrap-percentile,7,proportion,4.042398923076689,6.06918656709604,2.015611279057339,epoch/block-bootstrap-percentile,2,seconds,4.042398923076689,6.06918656709604,2.015611279057339,epoch/block-bootstrap-percentile,2,seconds,median across registered panels; panels are sampling units,7,stable_exact_prompt,5.999885293888889,2026-08-28T20:21:23.497405Z,2026-08-29T02:21:23.084463Z,long_short:in100000:out128,7,glm-5.2,mixed,7
,,,epoch/block-bootstrap-percentile,0,tokens/second,3.0937245960813016,3.6484992579789832,1.9335494339466095,epoch/block-bootstrap-percentile,7,seconds,3.0937245960813016,3.6484992579789832,1.9335494339466095,epoch/block-bootstrap-percentile,7,seconds,1.0,1.0,1.0,epoch/block-bootstrap-percentile,7,proportion,1.6312449319520965,2.7947180490009487,1.1764354879269376,epoch/block-bootstrap-percentile,5,seconds,1.6312449319520965,2.7947180490009487,1.1764354879269376,epoch/block-bootstrap-percentile,5,seconds,median across registered panels; panels are sampling units,7,panel_unique_cold,5.999885293888889,2026-08-28T20:21:23.497405Z,2026-08-29T02:21:23.084463Z,structured:in1024:out512,7,glm-5.2,mixed,7
,,,epoch/block-bootstrap-percentile,0,tokens/second,3.9726723969215527,4.139574778964743,3.681014050031081,epoch/block-bootstrap-percentile,7,seconds,3.9726723969215527,4.139574778964743,3.681014050031081,epoch/block-bootstrap-percentile,7,seconds,1.0,1.0,1.0,epoch/block-bootstrap-percentile,7,proportion,2.0325133739970624,,,single-block-no-CI,1,seconds,2.0325133739970624,,,single-block-no-CI,1,seconds,median across registered panels; panels are sampling units,7,stable_exact_prompt,5.999885293888889,2026-08-28T20:21:23.497405Z,2026-08-29T02:21:23.084463Z,structured:in1024:out512,7,glm-5.2,mixed,7
,,,epoch/block-bootstrap-percentile,0,tokens/second,27.04392544151051,28.046162547485437,26.268370357516687,epoch/block-bootstrap-percentile,7,seconds,27.52357416933519,28.877021425019485,27.227442501514453,epoch/block-bootstrap-percentile,7,seconds,1.0,1.0,1.0,epoch/block-bootstrap-percentile,7,proportion,8.509257863974199,22.215213601011783,1.67623907700181,epoch/block-bootstrap-percentile,5,seconds,14.320614209375345,22.215213601011783,1.67623907700181,epoch/block-bootstrap-percentile,5,seconds,median across registered panels; panels are sampling units,14,panel_unique_cold,5.999885293888889,2026-08-28T20:21:23.497405Z,2026-08-29T02:21:23.084463Z,not_applicable,7,glm-5.2,short_long,14
,,,epoch/block-bootstrap-percentile,0,tokens/second,26.564064853009768,28.637581684510224,23.462694323505275,epoch/block-bootstrap-percentile,7,seconds,26.87079126460012,30.200131048902403,26.63483758730581,epoch/block-bootstrap-percentile,7,seconds,1.0,1.0,1.0,epoch/block-bootstrap-percentile,7,proportion,14.890204550989438,18.967381092952564,1.6926300219492987,epoch/block-bootstrap-percentile,7,seconds,18.967381092952564,20.519859537947923,1.855690715170931,epoch/block-bootstrap-percentile,7,seconds,median across registered panels; panels are sampling units,14,stable_exact_prompt,5.999885293888889,2026-08-28T20:21:23.497405Z,2026-08-29T02:21:23.084463Z,not_applicable,7,glm-5.2,short_long,14
,,,epoch/block-bootstrap-percentile,0,tokens/second,1.2229301875340752,1.4145072040264495,1.193521261040587,epoch/block-bootstrap-percentile,7,seconds,1.3093427272688132,1.4783373244630638,1.2515992243250367,epoch/block-bootstrap-percentile,7,seconds,1.0,1.0,1.0,epoch/block-bootstrap-percentile,7,proportion,1.0013604310224764,1.132976179011166,0.8697446830337867,epoch/block-bootstrap-percentile,2,seconds,1.0013604310224764,1.132976179011166,0.8697446830337867,epoch/block-bootstrap-percentile,2,seconds,median across registered panels; panels are sampling units,14,panel_unique_cold,5.999885293888889,2026-08-28T20:21:23.497405Z,2026-08-29T02:21:23.084463Z,not_applicable,7,glm-5.2,short_short,14
,,,epoch/block-bootstrap-percentile,0,tokens/second,1.3155485464958474,1.4282442735275254,1.1717575259390287,epoch/block-bootstrap-percentile,7,seconds,1.4743761931196786,1.5807026333233807,1.2036901298735756,epoch/block-bootstrap-percentile,7,seconds,1.0,1.0,1.0,epoch/block-bootstrap-percentile,7,proportion,1.2337087000487372,1.4634105981094763,0.960054632043466,epoch/block-bootstrap-percentile,5,seconds,1.2337087000487372,1.4634105981094763,0.960054632043466,epoch/block-bootstrap-percentile,5,seconds,median across registered panels; panels are sampling units,14,stable_exact_prompt,5.999885293888889,2026-08-28T20:21:23.497405Z,2026-08-29T02:21:23.084463Z,not_applicable,7,glm-5.2,short_short,14
,,,epoch/block-bootstrap-percentile,0,tokens/second,9.777399854036048,10.636333942995407,9.667027838528156,epoch/block-bootstrap-percentile,7,seconds,10.092983071773778,10.685003193444572,9.868471537122968,epoch/block-bootstrap-percentile,7,seconds,1.0,1.0,1.0,epoch/block-bootstrap-percentile,7,proportion,9.139049871213501,9.345614521502284,8.811385496519506,epoch/block-bootstrap-percentile,6,seconds,9.1522952169762,9.562850813166007,8.949222312693019,epoch/block-bootstrap-percentile,6,seconds,median across registered panels; panels are sampling units,14,panel_unique_cold,5.999885293888889,2026-08-28T20:21:23.497405Z,2026-08-29T02:21:23.084463Z,not_applicable,7,kimi-k3,long_short,14
,,,epoch/block-bootstrap-percentile,0,tokens/second,10.321944514580537,10.731052797520533,9.724977678037249,epoch/block-bootstrap-percentile,7,seconds,10.52707544901059,11.480852063442581,9.841935930610633,epoch/block-bootstrap-percentile,7,seconds,1.0,1.0,1.0,epoch/block-bootstrap-percentile,7,proportion,8.817348418466281,8.933053788961843,8.70164304797072,epoch/block-bootstrap-percentile,2,seconds,8.817348418466281,8.933053788961843,8.70164304797072,epoch/block-bootstrap-percentile,2,seconds,median across registered panels; panels are sampling units,14,stable_exact_prompt,5.999885293888889,2026-08-28T20:21:23.497405Z,2026-08-29T02:21:23.084463Z,not_applicable,7,kimi-k3,long_short,14
,,,epoch/block-bootstrap-percentile,0,tokens/second,10.352166590048,10.60221842804458,9.7905029989779,epoch/block-bootstrap-percentile,7,seconds,10.352166590048,10.60221842804458,9.7905029989779,epoch/block-bootstrap-percentile,7,seconds,1.0,1.0,1.0,epoch/block-bootstrap-percentile,7,proportion,,,,epoch/block-bootstrap-percentile,0,seconds,,,,epoch/block-bootstrap-percentile,0,seconds,median across registered panels; panels are sampling units,7,panel_unique_cold,5.999885293888889,2026-08-28T20:21:23.497405Z,2026-08-29T02:21:23.084463Z,long_short:in100000:out128,7,kimi-k3,mixed,7
,,,epoch/block-bootstrap-percentile,0,tokens/second,9.79690821794793,10.428054420975968,9.409394192043692,epoch/block-bootstrap-percentile,7,seconds,9.79690821794793,10.428054420975968,9.409394192043692,epoch/block-bootstrap-percentile,7,seconds,1.0,1.0,1.0,epoch/block-bootstrap-percentile,7,proportion,3.7850216530496255,,,single-block-no-CI,1,seconds,3.7850216530496255,,,single-block-no-CI,1,seconds,median across registered panels; panels are sampling units,7,stable_exact_prompt,5.999885293888889,2026-08-28T20:21:23.497405Z,2026-08-29T02:21:23.084463Z,long_short:in100000:out128,7,kimi-k3,mixed,7
,,,epoch/block-bootstrap-percentile,0,tokens/second,12.650250356993638,14.420813196105883,11.77187231706921,epoch/block-bootstrap-percentile,7,seconds,12.650250356993638,14.420813196105883,11.77187231706921,epoch/block-bootstrap-percentile,7,seconds,1.0,1.0,1.0,epoch/block-bootstrap-percentile,7,proportion,10.0396726221079,12.705435454030521,9.083120270981453,epoch/block-bootstrap-percentile,7,seconds,10.0396726221079,12.705435454030521,9.083120270981453,epoch/block-bootstrap-percentile,7,seconds,median across registered panels; panels are sampling units,7,panel_unique_cold,5.999885293888889,2026-08-28T20:21:23.497405Z,2026-08-29T02:21:23.084463Z,structured:in1024:out512,7,kimi-k3,mixed,7
,,,epoch/block-bootstrap-percentile,0,tokens/second,10.482224325998686,16.70066022395622,9.316603392944671,epoch/block-bootstrap-percentile,7,seconds,10.482224325998686,16.70066022395622,9.316603392944671,epoch/block-bootstrap-percentile,7,seconds,1.0,1.0,1.0,epoch/block-bootstrap-percentile,7,proportion,7.407469241996296,16.196115124039352,5.692381230997853,epoch/block-bootstrap-percentile,7,seconds,7.407469241996296,16.196115124039352,5.692381230997853,epoch/block-bootstrap-percentile,7,seconds,median across registered panels; panels are sampling units,7,stable_exact_prompt,5.999885293888889,2026-08-28T20:21:23.497405Z,2026-08-29T02:21:23.084463Z,structured:in1024:out512,7,kimi-k3,mixed,7
,,,epoch/block-bootstrap-percentile,0,tokens/second,90.45206154847983,107.21062007203,61.969440235057846,epoch/block-bootstrap-percentile,7,seconds,105.87800188069814,125.02669143280944,100.01298786386614,epoch/block-bootstrap-percentile,7,seconds,1.0,1.0,1.0,epoch/block-bootstrap-percentile,7,proportion,28.441631691996008,34.371751975500956,14.271599205501843,epoch/block-bootstrap-percentile,7,seconds,32.718014014617076,39.63592825870146,16.15145253665396,epoch/block-bootstrap-percentile,7,seconds,median across registered panels; panels are sampling units,14,panel_unique_cold,5.999885293888889,2026-08-28T20:21:23.497405Z,2026-08-29T02:21:23.084463Z,not_applicable,7,kimi-k3,short_long,14
,,,epoch/block-bootstrap-percentile,0,tokens/second,111.6666628755629,114.03207514400128,106.85912274155999,epoch/block-bootstrap-percentile,7,seconds,114.73839813640808,121.3253115044965,108.8367107672093,epoch/block-bootstrap-percentile,7,seconds,1.0,1.0,1.0,epoch/block-bootstrap-percentile,7,proportion,38.64613950648345,48.03979782550596,28.982163575477898,epoch/block-bootstrap-percentile,7,seconds,45.184633295086684,68.75127410936983,29.98469563224353,epoch/block-bootstrap-percentile,7,seconds,median across registered panels; panels are sampling units,14,stable_exact_prompt,5.999885293888889,2026-08-28T20:21:23.497405Z,2026-08-29T02:21:23.084463Z,not_applicable,7,kimi-k3,short_long,14
,,,epoch/block-bootstrap-percentile,0,tokens/second,3.706706627039239,4.373376836476382,2.8305385869462043,epoch/block-bootstrap-percentile,7,seconds,4.339068517537089,4.788273346732603,3.264541158964857,epoch/block-bootstrap-percentile,7,seconds,1.0,1.0,1.0,epoch/block-bootstrap-percentile,7,proportion,2.9018179742561188,3.743502043769695,1.856935530231567,epoch/block-bootstrap-percentile,6,seconds,3.117990134112188,4.003969475749182,1.865303803354618,epoch/block-bootstrap-percentile,6,seconds,median across registered panels; panels are sampling units,14,panel_unique_cold,5.999885293888889,2026-08-28T20:21:23.497405Z,2026-08-29T02:21:23.084463Z,not_applicable,7,kimi-k3,short_short,14
,,,epoch/block-bootstrap-percentile,0,tokens/second,3.460814897029195,4.125405105471145,3.364668882510159,epoch/block-bootstrap-percentile,7,seconds,4.1732039430004075,4.295154822344194,3.509720909787575,epoch/block-bootstrap-percentile,7,seconds,1.0,1.0,1.0,epoch/block-bootstrap-percentile,7,proportion,3.2038294212834444,3.8117276339326054,2.7880432780075353,epoch/block-bootstrap-percentile,6,seconds,3.357389440992847,4.180847607631586,3.1263538805738786,epoch/block-bootstrap-percentile,6,seconds,median across registered panels; panels are sampling units,14,stable_exact_prompt,5.999885293888889,2026-08-28T20:21:23.497405Z,2026-08-29T02:21:23.084463Z,not_applicable,7,kimi-k3,short_short,14
,,,epoch/block-bootstrap-percentile,0,tokens/second,11.172018705459777,16.180248745542485,8.945596740988549,epoch/block-bootstrap-percentile,7,seconds,11.498838578682626,19.44116482521058,9.065033294813475,epoch/block-bootstrap-percentile,7,seconds,1.0,1.0,1.0,epoch/block-bootstrap-percentile,7,proportion,10.260975268029142,16.25261017656885,7.993315970059484,epoch/block-bootstrap-percentile,6,seconds,10.260975268029142,20.05977337404038,7.993315970059484,epoch/block-bootstrap-percentile,6,seconds,median across registered panels; panels are sampling units,14,panel_unique_cold,5.999885293888889,2026-08-28T20:21:23.497405Z,2026-08-29T02:21:23.084463Z,not_applicable,7,mimo-v2.5-pro,long_short,14
,,,epoch/block-bootstrap-percentile,0,tokens/second,12.507380278548226,15.416629148006905,10.339133118570317,epoch/block-bootstrap-percentile,7,seconds,14.352451502345502,17.387257797218627,12.231598013348412,epoch/block-bootstrap-percentile,7,seconds,1.0,1.0,1.0,epoch/block-bootstrap-percentile,7,proportion,11.398548774013761,15.090322523959912,7.860504596028477,epoch/block-bootstrap-percentile,5,seconds,12.46629356907215,15.090322523959912,8.638674935034942,epoch/block-bootstrap-percentile,5,seconds,median across registered panels; panels are sampling units,14,stable_exact_prompt,5.999885293888889,2026-08-28T20:21:23.497405Z,2026-08-29T02:21:23.084463Z,not_applicable,7,mimo-v2.5-pro,long_short,14
,,,epoch/block-bootstrap-percentile,0,tokens/second,14.838766809087247,16.718796869041398,10.466238986933604,epoch/block-bootstrap-percentile,7,seconds,14.838766809087247,16.718796869041398,10.466238986933604,epoch/block-bootstrap-percentile,7,seconds,1.0,1.0,1.0,epoch/block-bootstrap-percentile,7,proportion,13.924287497997284,14.68116623791866,8.172934320988134,epoch/block-bootstrap-percentile,3,seconds,13.924287497997284,14.68116623791866,8.172934320988134,epoch/block-bootstrap-percentile,3,seconds,median across registered panels; panels are sampling units,7,panel_unique_cold,5.999885293888889,2026-08-28T20:21:23.497405Z,2026-08-29T02:21:23.084463Z,long_short:in100000:out128,7,mimo-v2.5-pro,mixed,7
,,,epoch/block-bootstrap-percentile,0,tokens/second,13.256188186001964,17.935678362031467,7.35282324696891,epoch/block-bootstrap-percentile,7,seconds,13.256188186001964,17.935678362031467,7.35282324696891,epoch/block-bootstrap-percentile,7,seconds,1.0,1.0,1.0,epoch/block-bootstrap-percentile,7,proportion,8.031961442437023,20.30428720905911,5.085586723987944,epoch/block-bootstrap-percentile,4,seconds,8.031961442437023,20.30428720905911,5.085586723987944,epoch/block-bootstrap-percentile,4,seconds,median across registered panels; panels are sampling units,7,stable_exact_prompt,5.999885293888889,2026-08-28T20:21:23.497405Z,2026-08-29T02:21:23.084463Z,long_short:in100000:out128,7,mimo-v2.5-pro,mixed,7
,,,epoch/block-bootstrap-percentile,0,tokens/second,19.66201460303273,28.161575158010237,16.079417455010116,epoch/block-bootstrap-percentile,7,seconds,19.66201460303273,28.161575158010237,16.079417455010116,epoch/block-bootstrap-percentile,7,seconds,1.0,1.0,1.0,epoch/block-bootstrap-percentile,7,proportion,10.403913149028085,20.490528406924568,4.6785359820351005,epoch/block-bootstrap-percentile,5,seconds,10.403913149028085,20.490528406924568,4.6785359820351005,epoch/block-bootstrap-percentile,5,seconds,median across registered panels; panels are sampling units,7,panel_unique_cold,5.999885293888889,2026-08-28T20:21:23.497405Z,2026-08-29T02:21:23.084463Z,structured:in1024:out512,7,mimo-v2.5-pro,mixed,7
,,,epoch/block-bootstrap-percentile,0,tokens/second,11.858074616990052,20.72745392099023,8.438355479040183,epoch/block-bootstrap-percentile,7,seconds,11.858074616990052,20.72745392099023,8.438355479040183,epoch/block-bootstrap-percentile,7,seconds,1.0,1.0,1.0,epoch/block-bootstrap-percentile,7,proportion,5.724093397031538,7.874384221970104,4.615979060996324,epoch/block-bootstrap-percentile,5,seconds,5.724093397031538,7.874384221970104,4.615979060996324,epoch/block-bootstrap-percentile,5,seconds,median across registered panels; panels are sampling units,7,stable_exact_prompt,5.999885293888889,2026-08-28T20:21:23.497405Z,2026-08-29T02:21:23.084463Z,structured:in1024:out512,7,mimo-v2.5-pro,mixed,7
,,,epoch/block-bootstrap-percentile,0,tokens/second,114.97946779755875,162.35339971754001,59.312938097456936,epoch/block-bootstrap-percentile,7,seconds,130.11364397433354,189.83127972179207,60.89205092776683,epoch/block-bootstrap-percentile,7,seconds,1.0,1.0,1.0,epoch/block-bootstrap-percentile,7,proportion,11.282243441557512,23.640403542027343,8.34612077701604,epoch/block-bootstrap-percentile,7,seconds,14.655163959116907,36.62944389150362,10.870707623375347,epoch/block-bootstrap-percentile,7,seconds,median across registered panels; panels are sampling units,14,panel_unique_cold,5.999885293888889,2026-08-28T20:21:23.497405Z,2026-08-29T02:21:23.084463Z,not_applicable,7,mimo-v2.5-pro,short_long,14
,,,epoch/block-bootstrap-percentile,0,tokens/second,92.44967013795394,134.21835777600063,80.32529780792538,epoch/block-bootstrap-percentile,7,seconds,99.6897394564934,169.41803366624515,82.70962313734927,epoch/block-bootstrap-percentile,7,seconds,1.0,1.0,1.0,epoch/block-bootstrap-percentile,7,proportion,8.101466990541667,12.610789470491,7.4327909329440445,epoch/block-bootstrap-percentile,7,seconds,9.543889761297033,17.25936126121087,8.602479274262441,epoch/block-bootstrap-percentile,7,seconds,median across registered panels; panels are sampling units,14,stable_exact_prompt,5.999885293888889,2026-08-28T20:21:23.497405Z,2026-08-29T02:21:23.084463Z,not_applicable,7,mimo-v2.5-pro,short_long,14
,,,epoch/block-bootstrap-percentile,0,tokens/second,7.139123152999673,11.729570661962498,5.0169846810167655,epoch/block-bootstrap-percentile,7,seconds,7.752386389410821,16.602029547205895,6.550732629845151,epoch/block-bootstrap-percentile,7,seconds,1.0,1.0,1.0,epoch/block-bootstrap-percentile,7,proportion,6.94984576292336,14.311837608925998,1.740240997984074,epoch/block-bootstrap-percentile,5,seconds,6.94984576292336,14.311837608925998,1.740240997984074,epoch/block-bootstrap-percentile,5,seconds,median across registered panels; panels are sampling units,14,panel_unique_cold,5.999885293888889,2026-08-28T20:21:23.497405Z,2026-08-29T02:21:23.084463Z,not_applicable,7,mimo-v2.5-pro,short_short,14
,,,epoch/block-bootstrap-percentile,0,tokens/second,7.495587851502933,13.61095122154802,4.996213948994409,epoch/block-bootstrap-percentile,7,seconds,8.874194573168642,13.740586200461257,5.120006167079555,epoch/block-bootstrap-percentile,7,seconds,1.0,1.0,1.0,epoch/block-bootstrap-percentile,7,proportion,2.375048639951274,,,single-block-no-CI,1,seconds,2.375048639951274,,,single-block-no-CI,1,seconds,median across registered panels; panels are sampling units,14,stable_exact_prompt,5.999885293888889,2026-08-28T20:21:23.497405Z,2026-08-29T02:21:23.084463Z,not_applicable,7,mimo-v2.5-pro,short_short,14
,,,epoch/block-bootstrap-percentile,0,tokens/second,6.058274921961129,7.090501348429825,5.961928517965134,epoch/block-bootstrap-percentile,7,seconds,6.113644532038597,7.467683070671046,6.05174702287768,epoch/block-bootstrap-percentile,7,seconds,1.0,1.0,1.0,epoch/block-bootstrap-percentile,7,proportion,,,,epoch/block-bootstrap-percentile,0,seconds,,,,epoch/block-bootstrap-percentile,0,seconds,median across registered panels; panels are sampling units,14,panel_unique_cold,5.999885293888889,2026-08-28T20:21:23.497405Z,2026-08-29T02:21:23.084463Z,not_applicable,7,minimax-m2.5,long_short,14
,,,epoch/block-bootstrap-percentile,0,tokens/second,3.309786173515022,4.8343455424765125,2.869102541531902,epoch/block-bootstrap-percentile,7,seconds,3.450925437535625,6.3039702623675105,2.940139338601148,epoch/block-bootstrap-percentile,7,seconds,1.0,1.0,1.0,epoch/block-bootstrap-percentile,7,proportion,,,,epoch/block-bootstrap-percentile,0,seconds,,,,epoch/block-bootstrap-percentile,0,seconds,median across registered panels; panels are sampling units,14,stable_exact_prompt,5.999885293888889,2026-08-28T20:21:23.497405Z,2026-08-29T02:21:23.084463Z,not_applicable,7,minimax-m2.5,long_short,14
,,,epoch/block-bootstrap-percentile,0,tokens/second,6.064063164987601,6.43638101790566,5.7170908220577985,epoch/block-bootstrap-percentile,7,seconds,6.064063164987601,6.43638101790566,5.7170908220577985,epoch/block-bootstrap-percentile,7,seconds,1.0,1.0,1.0,epoch/block-bootstrap-percentile,7,proportion,,,,epoch/block-bootstrap-percentile,0,seconds,,,,epoch/block-bootstrap-percentile,0,seconds,median across registered panels; panels are sampling units,7,panel_unique_cold,5.999885293888889,2026-08-28T20:21:23.497405Z,2026-08-29T02:21:23.084463Z,long_short:in50000:out128,7,minimax-m2.5,mixed,7
,,,epoch/block-bootstrap-percentile,0,tokens/second,3.022004776983522,5.4183404699433595,2.894739445997402,epoch/block-bootstrap-percentile,7,seconds,3.022004776983522,5.4183404699433595,2.894739445997402,epoch/block-bootstrap-percentile,7,seconds,1.0,1.0,1.0,epoch/block-bootstrap-percentile,7,proportion,,,,epoch/block-bootstrap-percentile,0,seconds,,,,epoch/block-bootstrap-percentile,0,seconds,median across registered panels; panels are sampling units,7,stable_exact_prompt,5.999885293888889,2026-08-28T20:21:23.497405Z,2026-08-29T02:21:23.084463Z,long_short:in50000:out128,7,minimax-m2.5,mixed,7
,,,epoch/block-bootstrap-percentile,0,tokens/second,6.934051204007119,7.594821859966032,6.704222714994103,epoch/block-bootstrap-percentile,7,seconds,6.934051204007119,7.594821859966032,6.704222714994103,epoch/block-bootstrap-percentile,7,seconds,1.0,1.0,1.0,epoch/block-bootstrap-percentile,7,proportion,6.123482597991824,6.142557410988957,6.104407784994692,epoch/block-bootstrap-percentile,2,seconds,6.123482597991824,6.142557410988957,6.104407784994692,epoch/block-bootstrap-percentile,2,seconds,median across registered panels; panels are sampling units,7,panel_unique_cold,5.999885293888889,2026-08-28T20:21:23.497405Z,2026-08-29T02:21:23.084463Z,structured:in1024:out512,7,minimax-m2.5,mixed,7
,,,epoch/block-bootstrap-percentile,0,tokens/second,7.5477292279247195,8.634347956976853,6.84947184799239,epoch/block-bootstrap-percentile,7,seconds,7.5477292279247195,8.634347956976853,6.84947184799239,epoch/block-bootstrap-percentile,7,seconds,1.0,1.0,1.0,epoch/block-bootstrap-percentile,7,proportion,7.043821519007906,7.372714314959012,6.03441942401696,epoch/block-bootstrap-percentile,3,seconds,7.043821519007906,7.372714314959012,6.03441942401696,epoch/block-bootstrap-percentile,3,seconds,median across registered panels; panels are sampling units,7,stable_exact_prompt,5.999885293888889,2026-08-28T20:21:23.497405Z,2026-08-29T02:21:23.084463Z,structured:in1024:out512,7,minimax-m2.5,mixed,7
,,,epoch/block-bootstrap-percentile,0,tokens/second,57.276561064005364,67.17126944544725,55.44224516209215,epoch/block-bootstrap-percentile,7,seconds,59.71610681414022,68.43973286767724,55.70037836149567,epoch/block-bootstrap-percentile,7,seconds,1.0,1.0,1.0,epoch/block-bootstrap-percentile,7,proportion,18.0843905514339,21.83853463397827,17.926910608483013,epoch/block-bootstrap-percentile,7,seconds,21.416293544828658,23.195436308893843,18.084298897068948,epoch/block-bootstrap-percentile,7,seconds,median across registered panels; panels are sampling units,14,panel_unique_cold,5.999885293888889,2026-08-28T20:21:23.497405Z,2026-08-29T02:21:23.084463Z,not_applicable,7,minimax-m2.5,short_long,14
,,,epoch/block-bootstrap-percentile,0,tokens/second,57.226903346017934,69.4759554095217,52.5646689744317,epoch/block-bootstrap-percentile,7,seconds,58.841824727604404,70.58289117788081,56.337932430329964,epoch/block-bootstrap-percentile,7,seconds,1.0,1.0,1.0,epoch/block-bootstrap-percentile,7,proportion,23.325089404941536,29.036037260084413,15.842152065015398,epoch/block-bootstrap-percentile,7,seconds,24.06398582777474,29.036037260084413,16.499365751293954,epoch/block-bootstrap-percentile,7,seconds,median across registered panels; panels are sampling units,14,stable_exact_prompt,5.999885293888889,2026-08-28T20:21:23.497405Z,2026-08-29T02:21:23.084463Z,not_applicable,7,minimax-m2.5,short_long,14
,,,epoch/block-bootstrap-percentile,0,tokens/second,2.4368737579789013,3.1809762794873677,2.0335890214773826,epoch/block-bootstrap-percentile,7,seconds,2.5633386467350645,3.9426934813673142,2.09032956957235,epoch/block-bootstrap-percentile,7,seconds,1.0,1.0,1.0,epoch/block-bootstrap-percentile,7,proportion,1.9501511260168627,2.0039138849824667,1.8963883670512587,epoch/block-bootstrap-percentile,2,seconds,1.9501511260168627,2.0039138849824667,1.8963883670512587,epoch/block-bootstrap-percentile,2,seconds,median across registered panels; panels are sampling units,14,panel_unique_cold,5.999885293888889,2026-08-28T20:21:23.497405Z,2026-08-29T02:21:23.084463Z,not_applicable,7,minimax-m2.5,short_short,14
,,,epoch/block-bootstrap-percentile,0,tokens/second,2.155342705489602,2.2195383304497227,2.0725997544941492,epoch/block-bootstrap-percentile,7,seconds,2.2420545167813546,2.465989242354408,2.114474358205916,epoch/block-bootstrap-percentile,7,seconds,1.0,1.0,1.0,epoch/block-bootstrap-percentile,7,proportion,1.889352731523104,1.9032559460029006,1.8543015309842303,epoch/block-bootstrap-percentile,4,seconds,1.889352731523104,1.9032559460029006,1.8543015309842303,epoch/block-bootstrap-percentile,4,seconds,median across registered panels; panels are sampling units,14,stable_exact_prompt,5.999885293888889,2026-08-28T20:21:23.497405Z,2026-08-29T02:21:23.084463Z,not_applicable,7,minimax-m2.5,short_short,14
,,,epoch/block-bootstrap-percentile,0,tokens/second,9.138205916562583,11.34578715194948,8.720821858965792,epoch/block-bootstrap-percentile,7,seconds,9.567777720635059,12.986462814128027,8.882408710336312,epoch/block-bootstrap-percentile,7,seconds,1.0,1.0,1.0,epoch/block-bootstrap-percentile,7,proportion,,,,epoch/block-bootstrap-percentile,0,seconds,,,,epoch/block-bootstrap-percentile,0,seconds,median across registered panels; panels are sampling units,14,panel_unique_cold,5.999885293888889,2026-08-28T20:21:23.497405Z,2026-08-29T02:21:23.084463Z,not_applicable,7,nemotron-3-ultra-550b,long_short,14
,,,epoch/block-bootstrap-percentile,0,tokens/second,9.597878811473493,14.549606441461947,9.140165914956015,epoch/block-bootstrap-percentile,7,seconds,9.662306268606335,19.95817146737245,9.306327485240763,epoch/block-bootstrap-percentile,7,seconds,1.0,1.0,1.0,epoch/block-bootstrap-percentile,7,proportion,,,,epoch/block-bootstrap-percentile,0,seconds,,,,epoch/block-bootstrap-percentile,0,seconds,median across registered panels; panels are sampling units,14,stable_exact_prompt,5.999885293888889,2026-08-28T20:21:23.497405Z,2026-08-29T02:21:23.084463Z,not_applicable,7,nemotron-3-ultra-550b,long_short,14
,,,epoch/block-bootstrap-percentile,0,tokens/second,9.146985992090777,9.755564620019868,8.917073473916389,epoch/block-bootstrap-percentile,7,seconds,9.146985992090777,9.755564620019868,8.917073473916389,epoch/block-bootstrap-percentile,7,seconds,1.0,1.0,1.0,epoch/block-bootstrap-percentile,7,proportion,,,,epoch/block-bootstrap-percentile,0,seconds,,,,epoch/block-bootstrap-percentile,0,seconds,median across registered panels; panels are sampling units,7,panel_unique_cold,5.999885293888889,2026-08-28T20:21:23.497405Z,2026-08-29T02:21:23.084463Z,long_short:in100000:out128,7,nemotron-3-ultra-550b,mixed,7
,,,epoch/block-bootstrap-percentile,0,tokens/second,9.13025603198912,9.602539393003099,8.946391343022697,epoch/block-bootstrap-percentile,7,seconds,9.13025603198912,9.602539393003099,8.946391343022697,epoch/block-bootstrap-percentile,7,seconds,1.0,1.0,1.0,epoch/block-bootstrap-percentile,7,proportion,,,,epoch/block-bootstrap-percentile,0,seconds,,,,epoch/block-bootstrap-percentile,0,seconds,median across registered panels; panels are sampling units,7,stable_exact_prompt,5.999885293888889,2026-08-28T20:21:23.497405Z,2026-08-29T02:21:23.084463Z,long_short:in100000:out128,7,nemotron-3-ultra-550b,mixed,7
,,,epoch/block-bootstrap-percentile,0,tokens/second,3.243558806949295,3.6247710719471797,3.023982226033695,epoch/block-bootstrap-percentile,7,seconds,3.243558806949295,3.6247710719471797,3.023982226033695,epoch/block-bootstrap-percentile,7,seconds,1.0,1.0,1.0,epoch/block-bootstrap-percentile,7,proportion,2.214181417017244,2.550109464500565,1.978894323518034,epoch/block-bootstrap-percentile,6,seconds,2.214181417017244,2.550109464500565,1.978894323518034,epoch/block-bootstrap-percentile,6,seconds,median across registered panels; panels are sampling units,7,panel_unique_cold,5.999885293888889,2026-08-28T20:21:23.497405Z,2026-08-29T02:21:23.084463Z,structured:in1024:out512,7,nemotron-3-ultra-550b,mixed,7
,,,epoch/block-bootstrap-percentile,0,tokens/second,3.2339265750488266,4.683542359038256,2.731573302997276,epoch/block-bootstrap-percentile,7,seconds,3.2339265750488266,4.683542359038256,2.731573302997276,epoch/block-bootstrap-percentile,7,seconds,1.0,1.0,1.0,epoch/block-bootstrap-percentile,7,proportion,2.284442550037056,4.206231666030362,2.0240710040088743,epoch/block-bootstrap-percentile,7,seconds,2.284442550037056,4.206231666030362,2.0240710040088743,epoch/block-bootstrap-percentile,7,seconds,median across registered panels; panels are sampling units,7,stable_exact_prompt,5.999885293888889,2026-08-28T20:21:23.497405Z,2026-08-29T02:21:23.084463Z,structured:in1024:out512,7,nemotron-3-ultra-550b,mixed,7
,,,epoch/block-bootstrap-percentile,0,tokens/second,53.949948471970856,60.88275489548687,51.67778941296274,epoch/block-bootstrap-percentile,7,seconds,58.82409884796943,62.007095936522816,54.97472924492322,epoch/block-bootstrap-percentile,7,seconds,1.0,1.0,1.0,epoch/block-bootstrap-percentile,7,proportion,6.611264766950626,8.072433087974787,5.3750130090047605,epoch/block-bootstrap-percentile,7,seconds,9.014916010532762,11.838956518587656,5.47817154089571,epoch/block-bootstrap-percentile,7,seconds,median across registered panels; panels are sampling units,14,panel_unique_cold,5.999885293888889,2026-08-28T20:21:23.497405Z,2026-08-29T02:21:23.084463Z,not_applicable,7,nemotron-3-ultra-550b,short_long,14
,,,epoch/block-bootstrap-percentile,0,tokens/second,50.93429553497117,53.91533517604694,42.387625742994715,epoch/block-bootstrap-percentile,7,seconds,53.20341954317409,58.06605828724568,48.33757735895342,epoch/block-bootstrap-percentile,7,seconds,1.0,1.0,1.0,epoch/block-bootstrap-percentile,7,proportion,7.314985162985977,7.658188291999977,4.008605992014054,epoch/block-bootstrap-percentile,7,seconds,7.993027174676536,10.261194001161494,4.624876159912674,epoch/block-bootstrap-percentile,7,seconds,median across registered panels; panels are sampling units,14,stable_exact_prompt,5.999885293888889,2026-08-28T20:21:23.497405Z,2026-08-29T02:21:23.084463Z,not_applicable,7,nemotron-3-ultra-550b,short_long,14
,,,epoch/block-bootstrap-percentile,0,tokens/second,1.694562679505907,2.745771754067391,1.418505401990842,epoch/block-bootstrap-percentile,7,seconds,1.729136730788741,4.295625190646388,1.502003857854288,epoch/block-bootstrap-percentile,7,seconds,1.0,1.0,1.0,epoch/block-bootstrap-percentile,7,proportion,1.6097629195428453,2.6691146490047686,1.3263072365080006,epoch/block-bootstrap-percentile,7,seconds,1.6367320823890623,4.225949658296304,1.3934409495501312,epoch/block-bootstrap-percentile,7,seconds,median across registered panels; panels are sampling units,14,panel_unique_cold,5.999885293888889,2026-08-28T20:21:23.497405Z,2026-08-29T02:21:23.084463Z,not_applicable,7,nemotron-3-ultra-550b,short_short,14
,,,epoch/block-bootstrap-percentile,0,tokens/second,3.752266561961733,5.866478462005034,1.6566309109912254,epoch/block-bootstrap-percentile,7,seconds,6.012231606733985,8.932392131607047,1.8239096900622827,epoch/block-bootstrap-percentile,7,seconds,1.0,1.0,1.0,epoch/block-bootstrap-percentile,7,proportion,3.6374606304452755,5.736207837995607,1.5557909434428439,epoch/block-bootstrap-percentile,7,seconds,5.918895395327126,8.824204263970023,1.7090389119228349,epoch/block-bootstrap-percentile,7,seconds,median across registered panels; panels are sampling units,14,stable_exact_prompt,5.999885293888889,2026-08-28T20:21:23.497405Z,2026-08-29T02:21:23.084463Z,not_applicable,7,nemotron-3-ultra-550b,short_short,14
,,,epoch/block-bootstrap-percentile,0,tokens/second,17.485369453032035,32.58638868003618,15.192002972005866,epoch/block-bootstrap-percentile,5,seconds,17.785293140815337,44.15149487013696,15.430065662041306,epoch/block-bootstrap-percentile,5,seconds,1.0,1.0,0.0,epoch/block-bootstrap-percentile,7,proportion,,,,epoch/block-bootstrap-percentile,0,seconds,,,,epoch/block-bootstrap-percentile,0,seconds,median across registered panels; panels are sampling units,14,panel_unique_cold,5.999885293888889,2026-08-28T20:21:23.497405Z,2026-08-29T02:21:23.084463Z,not_applicable,7,nvidia-nemotron-3-super-120b,long_short,9
,,,epoch/block-bootstrap-percentile,0,tokens/second,14.485138940974139,20.08214998897165,11.831671179039404,epoch/block-bootstrap-percentile,5,seconds,14.485138940974139,20.08214998897165,11.831671179039404,epoch/block-bootstrap-percentile,5,seconds,0.5,0.5,0.0,epoch/block-bootstrap-percentile,7,proportion,,,,epoch/block-bootstrap-percentile,0,seconds,,,,epoch/block-bootstrap-percentile,0,seconds,median across registered panels; panels are sampling units,14,stable_exact_prompt,5.999885293888889,2026-08-28T20:21:23.497405Z,2026-08-29T02:21:23.084463Z,not_applicable,7,nvidia-nemotron-3-super-120b,long_short,6
,,,epoch/block-bootstrap-percentile,0,tokens/second,17.029263008967973,17.882129112025723,16.63525606598705,epoch/block-bootstrap-percentile,3,seconds,17.029263008967973,17.882129112025723,16.63525606598705,epoch/block-bootstrap-percentile,3,seconds,0.0,1.0,0.0,epoch/block-bootstrap-percentile,7,proportion,,,,epoch/block-bootstrap-percentile,0,seconds,,,,epoch/block-bootstrap-percentile,0,seconds,median across registered panels; panels are sampling units,7,panel_unique_cold,5.999885293888889,2026-08-28T20:21:23.497405Z,2026-08-29T02:21:23.084463Z,long_short:in100000:out128,7,nvidia-nemotron-3-super-120b,mixed,3
,,,epoch/block-bootstrap-percentile,0,tokens/second,12.43900507397484,16.958675488946028,9.995756558026187,epoch/block-bootstrap-percentile,3,seconds,12.43900507397484,16.958675488946028,9.995756558026187,epoch/block-bootstrap-percentile,3,seconds,0.0,1.0,0.0,epoch/block-bootstrap-percentile,7,proportion,,,,epoch/block-bootstrap-percentile,0,seconds,,,,epoch/block-bootstrap-percentile,0,seconds,median across registered panels; panels are sampling units,7,stable_exact_prompt,5.999885293888889,2026-08-28T20:21:23.497405Z,2026-08-29T02:21:23.084463Z,long_short:in100000:out128,7,nvidia-nemotron-3-super-120b,mixed,3
,,,epoch/block-bootstrap-percentile,0,tokens/second,35.85206136503257,51.08222704351647,15.970928267517593,epoch/block-bootstrap-percentile,6,seconds,35.85206136503257,51.08222704351647,15.970928267517593,epoch/block-bootstrap-percentile,6,seconds,1.0,1.0,1.0,epoch/block-bootstrap-percentile,7,proportion,27.401334441965446,42.35017291700933,10.228050110046752,epoch/block-bootstrap-percentile,5,seconds,27.401334441965446,42.35017291700933,10.228050110046752,epoch/block-bootstrap-percentile,5,seconds,median across registered panels; panels are sampling units,7,panel_unique_cold,5.999885293888889,2026-08-28T20:21:23.497405Z,2026-08-29T02:21:23.084463Z,structured:in1024:out512,7,nvidia-nemotron-3-super-120b,mixed,6
,,,epoch/block-bootstrap-percentile,0,tokens/second,13.86562503798632,14.799804550013505,12.931445525959134,epoch/block-bootstrap-percentile,2,seconds,13.86562503798632,14.799804550013505,12.931445525959134,epoch/block-bootstrap-percentile,2,seconds,0.0,1.0,0.0,epoch/block-bootstrap-percentile,7,proportion,11.392551911994815,11.731719662086107,11.053384161903523,epoch/block-bootstrap-percentile,2,seconds,11.392551911994815,11.731719662086107,11.053384161903523,epoch/block-bootstrap-percentile,2,seconds,median across registered panels; panels are sampling units,7,stable_exact_prompt,5.999885293888889,2026-08-28T20:21:23.497405Z,2026-08-29T02:21:23.084463Z,structured:in1024:out512,7,nvidia-nemotron-3-super-120b,mixed,2
,,,epoch/block-bootstrap-percentile,0,tokens/second,211.0925807672611,326.36182936897967,194.11240163992625,epoch/block-bootstrap-percentile,4,seconds,213.07618523104173,326.36182936897967,197.23698199315695,epoch/block-bootstrap-percentile,4,seconds,0.5,1.0,0.0,epoch/block-bootstrap-percentile,7,proportion,42.68789557655691,60.82317033095751,30.25039670750266,epoch/block-bootstrap-percentile,4,seconds,44.49944918437686,60.82317033095751,42.21402055444778,epoch/block-bootstrap-percentile,4,seconds,median across registered panels; panels are sampling units,14,panel_unique_cold,5.999885293888889,2026-08-28T20:21:23.497405Z,2026-08-29T02:21:23.084463Z,not_applicable,7,nvidia-nemotron-3-super-120b,short_long,6
,,,epoch/block-bootstrap-percentile,0,tokens/second,313.87086830299813,352.96638968994375,195.96671409596456,epoch/block-bootstrap-percentile,5,seconds,313.87086830299813,352.96638968994375,197.598460658401,epoch/block-bootstrap-percentile,5,seconds,0.5,1.0,0.0,epoch/block-bootstrap-percentile,7,proportion,32.09236715652514,40.9849174390547,26.121160870534368,epoch/block-bootstrap-percentile,5,seconds,34.783915258804335,47.98278832043288,28.554637659201397,epoch/block-bootstrap-percentile,5,seconds,median across registered panels; panels are sampling units,14,stable_exact_prompt,5.999885293888889,2026-08-28T20:21:23.497405Z,2026-08-29T02:21:23.084463Z,not_applicable,7,nvidia-nemotron-3-super-120b,short_long,8
,,,epoch/block-bootstrap-percentile,0,tokens/second,7.460987110040151,20.289819341967814,3.9134155435021967,epoch/block-bootstrap-percentile,5,seconds,9.736381036625243,20.289819341967814,5.456691476341803,epoch/block-bootstrap-percentile,5,seconds,1.0,1.0,0.0,epoch/block-bootstrap-percentile,7,proportion,5.666455730475718,11.315177892043721,3.6223783969762735,epoch/block-bootstrap-percentile,4,seconds,7.544372570762061,19.523408132704205,5.1285464914923065,epoch/block-bootstrap-percentile,4,seconds,median across registered panels; panels are sampling units,14,panel_unique_cold,5.999885293888889,2026-08-28T20:21:23.497405Z,2026-08-29T02:21:23.084463Z,not_applicable,7,nvidia-nemotron-3-super-120b,short_short,9
,,,epoch/block-bootstrap-percentile,0,tokens/second,5.3766296379617415,10.930680175020825,3.8787949137331452,epoch/block-bootstrap-percentile,6,seconds,5.603319083212409,16.299245246796637,4.473945503760478,epoch/block-bootstrap-percentile,6,seconds,1.0,1.0,0.5,epoch/block-bootstrap-percentile,7,proportion,4.888577833946329,10.496956764749484,3.5625485205382574,epoch/block-bootstrap-percentile,6,seconds,5.219604018345126,15.859835481984192,4.007063019589987,epoch/block-bootstrap-percentile,6,seconds,median across registered panels; panels are sampling units,14,stable_exact_prompt,5.999885293888889,2026-08-28T20:21:23.497405Z,2026-08-29T02:21:23.084463Z,not_applicable,7,nvidia-nemotron-3-super-120b,short_short,10
,,,epoch/block-bootstrap-percentile,0,tokens/second,12.607993896468543,13.006996879470535,11.961797945026774,epoch/block-bootstrap-percentile,7,seconds,13.122950056532865,13.399154963484033,12.17228179887752,epoch/block-bootstrap-percentile,7,seconds,1.0,1.0,1.0,epoch/block-bootstrap-percentile,7,proportion,,,,epoch/block-bootstrap-percentile,0,seconds,,,,epoch/block-bootstrap-percentile,0,seconds,median across registered panels; panels are sampling units,14,panel_unique_cold,5.999885293888889,2026-08-28T20:21:23.497405Z,2026-08-29T02:21:23.084463Z,not_applicable,7,openai-gpt-oss-120b,long_short,14
,,,epoch/block-bootstrap-percentile,0,tokens/second,12.550161182472948,13.121016984572634,11.986798466532491,epoch/block-bootstrap-percentile,7,seconds,12.86956961786491,13.522718922409695,12.617398214765126,epoch/block-bootstrap-percentile,7,seconds,1.0,1.0,1.0,epoch/block-bootstrap-percentile,7,proportion,,,,epoch/block-bootstrap-percentile,0,seconds,,,,epoch/block-bootstrap-percentile,0,seconds,median across registered panels; panels are sampling units,14,stable_exact_prompt,5.999885293888889,2026-08-28T20:21:23.497405Z,2026-08-29T02:21:23.084463Z,not_applicable,7,openai-gpt-oss-120b,long_short,14
,,,epoch/block-bootstrap-percentile,0,tokens/second,12.32463241694495,13.006212459993549,10.59517482900992,epoch/block-bootstrap-percentile,7,seconds,12.32463241694495,13.006212459993549,10.59517482900992,epoch/block-bootstrap-percentile,7,seconds,1.0,1.0,1.0,epoch/block-bootstrap-percentile,7,proportion,,,,epoch/block-bootstrap-percentile,0,seconds,,,,epoch/block-bootstrap-percentile,0,seconds,median across registered panels; panels are sampling units,7,panel_unique_cold,5.999885293888889,2026-08-28T20:21:23.497405Z,2026-08-29T02:21:23.084463Z,long_short:in100000:out128,7,openai-gpt-oss-120b,mixed,7
,,,epoch/block-bootstrap-percentile,0,tokens/second,12.663597001926973,13.623190906015225,11.948989278986119,epoch/block-bootstrap-percentile,7,seconds,12.663597001926973,13.623190906015225,11.948989278986119,epoch/block-bootstrap-percentile,7,seconds,1.0,1.0,1.0,epoch/block-bootstrap-percentile,7,proportion,,,,epoch/block-bootstrap-percentile,0,seconds,,,,epoch/block-bootstrap-percentile,0,seconds,median across registered panels; panels are sampling units,7,stable_exact_prompt,5.999885293888889,2026-08-28T20:21:23.497405Z,2026-08-29T02:21:23.084463Z,long_short:in100000:out128,7,openai-gpt-oss-120b,mixed,7
,,,epoch/block-bootstrap-percentile,0,tokens/second,10.232798138982616,12.41780674806796,8.942902070935816,epoch/block-bootstrap-percentile,7,seconds,10.232798138982616,12.41780674806796,8.942902070935816,epoch/block-bootstrap-percentile,7,seconds,1.0,1.0,1.0,epoch/block-bootstrap-percentile,7,proportion,6.122595366905443,8.227972690016031,5.4417398849036545,epoch/block-bootstrap-percentile,7,seconds,6.122595366905443,8.227972690016031,5.4417398849036545,epoch/block-bootstrap-percentile,7,seconds,median across registered panels; panels are sampling units,7,panel_unique_cold,5.999885293888889,2026-08-28T20:21:23.497405Z,2026-08-29T02:21:23.084463Z,structured:in1024:out512,7,openai-gpt-oss-120b,mixed,7
,,,epoch/block-bootstrap-percentile,0,tokens/second,10.669903472997248,11.9729356309399,8.837464681011625,epoch/block-bootstrap-percentile,7,seconds,10.669903472997248,11.9729356309399,8.837464681011625,epoch/block-bootstrap-percentile,7,seconds,1.0,1.0,1.0,epoch/block-bootstrap-percentile,7,proportion,6.020691704005003,7.249481069971807,4.7164190710755065,epoch/block-bootstrap-percentile,7,seconds,6.020691704005003,7.249481069971807,4.7164190710755065,epoch/block-bootstrap-percentile,7,seconds,median across registered panels; panels are sampling units,7,stable_exact_prompt,5.999885293888889,2026-08-28T20:21:23.497405Z,2026-08-29T02:21:23.084463Z,structured:in1024:out512,7,openai-gpt-oss-120b,mixed,7
,,,epoch/block-bootstrap-percentile,0,tokens/second,118.26544324000133,120.86258837697096,111.03708948899293,epoch/block-bootstrap-percentile,7,seconds,121.94516751409391,142.99444113758508,119.46784714152454,epoch/block-bootstrap-percentile,7,seconds,1.0,1.0,1.0,epoch/block-bootstrap-percentile,7,proportion,8.474652222008444,10.02750757447211,7.506592847465072,epoch/block-bootstrap-percentile,7,seconds,9.980043130042032,11.016058815130963,9.693268745351816,epoch/block-bootstrap-percentile,7,seconds,median across registered panels; panels are sampling units,14,panel_unique_cold,5.999885293888889,2026-08-28T20:21:23.497405Z,2026-08-29T02:21:23.084463Z,not_applicable,7,openai-gpt-oss-120b,short_long,14
,,,epoch/block-bootstrap-percentile,0,tokens/second,124.10855118744075,125.88509490247816,120.74240213353187,epoch/block-bootstrap-percentile,7,seconds,130.3107036197558,136.60232547174675,124.55904661627719,epoch/block-bootstrap-percentile,7,seconds,1.0,1.0,1.0,epoch/block-bootstrap-percentile,7,proportion,11.392940379970241,14.34613055450609,9.27852003503358,epoch/block-bootstrap-percentile,7,seconds,14.595927014522022,17.15672827985254,13.120360422792144,epoch/block-bootstrap-percentile,7,seconds,median across registered panels; panels are sampling units,14,stable_exact_prompt,5.999885293888889,2026-08-28T20:21:23.497405Z,2026-08-29T02:21:23.084463Z,not_applicable,7,openai-gpt-oss-120b,short_long,14
,,,epoch/block-bootstrap-percentile,0,tokens/second,2.4277627210249193,2.984935621439945,2.3257983010844328,epoch/block-bootstrap-percentile,7,seconds,2.8509119302325416,3.266004711133428,2.544498207484139,epoch/block-bootstrap-percentile,7,seconds,1.0,1.0,1.0,epoch/block-bootstrap-percentile,7,proportion,2.278836159443017,2.773601252003573,2.207770031061955,epoch/block-bootstrap-percentile,7,seconds,2.728723537584301,3.1118568473961203,2.4188286476768552,epoch/block-bootstrap-percentile,7,seconds,median across registered panels; panels are sampling units,14,panel_unique_cold,5.999885293888889,2026-08-28T20:21:23.497405Z,2026-08-29T02:21:23.084463Z,not_applicable,7,openai-gpt-oss-120b,short_short,14
,,,epoch/block-bootstrap-percentile,0,tokens/second,2.90066611149814,3.303698566975072,2.6986337219714187,epoch/block-bootstrap-percentile,7,seconds,3.5142844450892876,4.347204694687389,2.9132522151514424,epoch/block-bootstrap-percentile,7,seconds,1.0,1.0,1.0,epoch/block-bootstrap-percentile,7,proportion,2.5950018134899437,3.1157095480011776,1.973838721984066,epoch/block-bootstrap-percentile,7,seconds,2.865566797397332,4.117446896200999,2.010580014641164,epoch/block-bootstrap-percentile,7,seconds,median across registered panels; panels are sampling units,14,stable_exact_prompt,5.999885293888889,2026-08-28T20:21:23.497405Z,2026-08-29T02:21:23.084463Z,not_applicable,7,openai-gpt-oss-120b,short_short,14
,,,epoch/block-bootstrap-percentile,0,tokens/second,60.72803889098577,113.50781047099736,53.72393717349041,epoch/block-bootstrap-percentile,7,seconds,65.93940902911126,113.50781047099736,59.54834511216613,epoch/block-bootstrap-percentile,7,seconds,0.5,1.0,0.5,epoch/block-bootstrap-percentile,7,proportion,,,,epoch/block-bootstrap-percentile,0,seconds,,,,epoch/block-bootstrap-percentile,0,seconds,median across registered panels; panels are sampling units,14,panel_unique_cold,5.999885293888889,2026-08-28T20:21:23.497405Z,2026-08-29T02:21:23.084463Z,not_applicable,7,qwen3.5-397b-a17b,long_short,10
,,,epoch/block-bootstrap-percentile,0,tokens/second,47.37539049756015,104.07701969100162,31.252884108980652,epoch/block-bootstrap-percentile,5,seconds,54.18313373046694,127.76626812419855,31.65977139454917,epoch/block-bootstrap-percentile,5,seconds,1.0,1.0,0.0,epoch/block-bootstrap-percentile,7,proportion,,,,epoch/block-bootstrap-percentile,0,seconds,,,,epoch/block-bootstrap-percentile,0,seconds,median across registered panels; panels are sampling units,14,stable_exact_prompt,5.999885293888889,2026-08-28T20:21:23.497405Z,2026-08-29T02:21:23.084463Z,not_applicable,7,qwen3.5-397b-a17b,long_short,10
,,,epoch/block-bootstrap-percentile,0,tokens/second,64.18623921647668,99.05757655698108,54.40541480202228,epoch/block-bootstrap-percentile,6,seconds,64.18623921647668,99.05757655698108,54.40541480202228,epoch/block-bootstrap-percentile,6,seconds,1.0,1.0,1.0,epoch/block-bootstrap-percentile,7,proportion,,,,epoch/block-bootstrap-percentile,0,seconds,,,,epoch/block-bootstrap-percentile,0,seconds,median across registered panels; panels are sampling units,7,panel_unique_cold,5.999885293888889,2026-08-28T20:21:23.497405Z,2026-08-29T02:21:23.084463Z,long_short:in100000:out128,7,qwen3.5-397b-a17b,mixed,6
,,,epoch/block-bootstrap-percentile,0,tokens/second,80.41615529597038,108.84378711599857,51.38863053091336,epoch/block-bootstrap-percentile,4,seconds,80.41615529597038,108.84378711599857,51.38863053091336,epoch/block-bootstrap-percentile,4,seconds,1.0,1.0,0.0,epoch/block-bootstrap-percentile,7,proportion,,,,epoch/block-bootstrap-percentile,0,seconds,,,,epoch/block-bootstrap-percentile,0,seconds,median across registered panels; panels are sampling units,7,stable_exact_prompt,5.999885293888889,2026-08-28T20:21:23.497405Z,2026-08-29T02:21:23.084463Z,long_short:in100000:out128,7,qwen3.5-397b-a17b,mixed,4
,,,epoch/block-bootstrap-percentile,0,tokens/second,82.54395835998002,157.11857685999712,52.21340061549563,epoch/block-bootstrap-percentile,6,seconds,82.54395835998002,157.11857685999712,52.21340061549563,epoch/block-bootstrap-percentile,6,seconds,1.0,1.0,1.0,epoch/block-bootstrap-percentile,7,proportion,,,,epoch/block-bootstrap-percentile,0,seconds,,,,epoch/block-bootstrap-percentile,0,seconds,median across registered panels; panels are sampling units,7,panel_unique_cold,5.999885293888889,2026-08-28T20:21:23.497405Z,2026-08-29T02:21:23.084463Z,structured:in1024:out512,7,qwen3.5-397b-a17b,mixed,6
,,,epoch/block-bootstrap-percentile,0,tokens/second,85.218553239014,146.02062267903239,41.21010078093968,epoch/block-bootstrap-percentile,7,seconds,85.218553239014,146.02062267903239,41.21010078093968,epoch/block-bootstrap-percentile,7,seconds,1.0,1.0,1.0,epoch/block-bootstrap-percentile,7,proportion,,,,epoch/block-bootstrap-percentile,0,seconds,,,,epoch/block-bootstrap-percentile,0,seconds,median across registered panels; panels are sampling units,7,stable_exact_prompt,5.999885293888889,2026-08-28T20:21:23.497405Z,2026-08-29T02:21:23.084463Z,structured:in1024:out512,7,qwen3.5-397b-a17b,mixed,7
,,,epoch/block-bootstrap-percentile,0,tokens/second,191.8715655595297,268.0730174710043,89.5573017100105,epoch/block-bootstrap-percentile,3,seconds,195.37740875604794,313.4987624935573,89.5573017100105,epoch/block-bootstrap-percentile,3,seconds,0.0,1.0,0.0,epoch/block-bootstrap-percentile,7,proportion,134.30359415247221,162.07376871345332,106.53341959149111,epoch/block-bootstrap-percentile,2,seconds,162.28986488774825,217.33327516653225,107.24645460896426,epoch/block-bootstrap-percentile,2,seconds,median across registered panels; panels are sampling units,14,panel_unique_cold,5.999885293888889,2026-08-28T20:21:23.497405Z,2026-08-29T02:21:23.084463Z,not_applicable,7,qwen3.5-397b-a17b,short_long,5
,,,epoch/block-bootstrap-percentile,0,tokens/second,300.19218269747216,338.3607155959471,229.42663366696797,epoch/block-bootstrap-percentile,3,seconds,327.2438884035102,341.0531287354126,235.37772029722112,epoch/block-bootstrap-percentile,3,seconds,0.0,1.0,0.0,epoch/block-bootstrap-percentile,7,proportion,199.93957740650512,202.88060304702958,149.72401195199927,epoch/block-bootstrap-percentile,3,seconds,203.24815615769475,249.26841546614304,153.2131470891123,epoch/block-bootstrap-percentile,3,seconds,median across registered panels; panels are sampling units,14,stable_exact_prompt,5.999885293888889,2026-08-28T20:21:23.497405Z,2026-08-29T02:21:23.084463Z,not_applicable,7,qwen3.5-397b-a17b,short_long,6
,,,epoch/block-bootstrap-percentile,0,tokens/second,23.675522589939646,50.16842301492579,7.774312957539223,epoch/block-bootstrap-percentile,5,seconds,25.63720277134562,50.16842301492579,7.93536308176117,epoch/block-bootstrap-percentile,5,seconds,0.5,1.0,0.0,epoch/block-bootstrap-percentile,7,proportion,,,,epoch/block-bootstrap-percentile,0,seconds,,,,epoch/block-bootstrap-percentile,0,seconds,median across registered panels; panels are sampling units,14,panel_unique_cold,5.999885293888889,2026-08-28T20:21:23.497405Z,2026-08-29T02:21:23.084463Z,not_applicable,7,qwen3.5-397b-a17b,short_short,8
,,,epoch/block-bootstrap-percentile,0,tokens/second,43.96522461401764,79.77718164096586,17.996379901538603,epoch/block-bootstrap-percentile,7,seconds,45.40392062498722,79.77718164096586,18.43784650604939,epoch/block-bootstrap-percentile,7,seconds,0.5,1.0,0.5,epoch/block-bootstrap-percentile,7,proportion,,,,epoch/block-bootstrap-percentile,0,seconds,,,,epoch/block-bootstrap-percentile,0,seconds,median across registered panels; panels are sampling units,14,stable_exact_prompt,5.999885293888889,2026-08-28T20:21:23.497405Z,2026-08-29T02:21:23.084463Z,not_applicable,7,qwen3.5-397b-a17b,short_short,10
56.18447059291311,60.4896665746149,13.356720424996933,epoch/block-bootstrap-percentile,5,tokens/second,10.664073156018276,16.413624501496088,8.049191617465112,epoch/block-bootstrap-percentile,7,seconds,11.292394940217491,18.996652733156225,11.103381106816233,epoch/block-bootstrap-percentile,7,seconds,1.0,1.0,1.0,epoch/block-bootstrap-percentile,7,proportion,9.774406723561697,12.193654296046589,7.183768859074917,epoch/block-bootstrap-percentile,7,seconds,10.337539076054234,14.200483590346993,10.13763412584085,epoch/block-bootstrap-percentile,7,seconds,median across registered panels; panels are sampling units,14,panel_unique_cold,5.999885293888889,2026-08-28T20:21:23.497405Z,2026-08-29T02:21:23.084463Z,not_applicable,7,qwen3.8-max,long_short,14
45.49979939734494,60.697350232967395,23.257079236714254,epoch/block-bootstrap-percentile,6,tokens/second,11.110315730038565,11.788948756060563,6.787028339516837,epoch/block-bootstrap-percentile,7,seconds,11.965175717486998,14.366537644551135,11.017398977960694,epoch/block-bootstrap-percentile,7,seconds,1.0,1.0,1.0,epoch/block-bootstrap-percentile,7,proportion,6.887425807479303,10.712300709972624,5.819860632997006,epoch/block-bootstrap-percentile,7,seconds,9.845999498030869,11.714176092977869,9.340759160730522,epoch/block-bootstrap-percentile,7,seconds,median across registered panels; panels are sampling units,14,stable_exact_prompt,5.999885293888889,2026-08-28T20:21:23.497405Z,2026-08-29T02:21:23.084463Z,not_applicable,7,qwen3.8-max,long_short,14
54.321724367664075,62.980021075505725,31.325278271467177,epoch/block-bootstrap-percentile,5,tokens/second,10.700173959019594,10.971051182947122,9.969166947994381,epoch/block-bootstrap-percentile,7,seconds,10.700173959019594,10.971051182947122,9.969166947994381,epoch/block-bootstrap-percentile,7,seconds,1.0,1.0,1.0,epoch/block-bootstrap-percentile,7,proportion,9.652222578995861,9.75377347995527,7.920225345995277,epoch/block-bootstrap-percentile,7,seconds,9.652222578995861,9.75377347995527,7.920225345995277,epoch/block-bootstrap-percentile,7,seconds,median across registered panels; panels are sampling units,7,panel_unique_cold,5.999885293888889,2026-08-28T20:21:23.497405Z,2026-08-29T02:21:23.084463Z,long_short:in100000:out128,7,qwen3.8-max,mixed,7
48.92897611432154,65.02761550545983,20.947108637773958,epoch/block-bootstrap-percentile,6,tokens/second,10.47575283702463,12.522145813098177,3.5105011999839917,epoch/block-bootstrap-percentile,7,seconds,10.47575283702463,12.522145813098177,3.5105011999839917,epoch/block-bootstrap-percentile,7,seconds,1.0,1.0,1.0,epoch/block-bootstrap-percentile,7,proportion,9.33443080401048,9.840892239008099,2.485037500038743,epoch/block-bootstrap-percentile,7,seconds,9.33443080401048,9.840892239008099,2.485037500038743,epoch/block-bootstrap-percentile,7,seconds,median across registered panels; panels are sampling units,7,stable_exact_prompt,5.999885293888889,2026-08-28T20:21:23.497405Z,2026-08-29T02:21:23.084463Z,long_short:in100000:out128,7,qwen3.8-max,mixed,7
62.07781650619361,85.1798563402942,17.041739165284504,epoch/block-bootstrap-percentile,7,tokens/second,3.949670672067441,11.934108344954439,3.715756463003345,epoch/block-bootstrap-percentile,7,seconds,3.949670672067441,11.934108344954439,3.715756463003345,epoch/block-bootstrap-percentile,7,seconds,1.0,1.0,1.0,epoch/block-bootstrap-percentile,7,proportion,1.1370882629416883,1.2570097729330882,0.6046922820387408,epoch/block-bootstrap-percentile,7,seconds,1.1370882629416883,1.2570097729330882,0.6046922820387408,epoch/block-bootstrap-percentile,7,seconds,median across registered panels; panels are sampling units,7,panel_unique_cold,5.999885293888889,2026-08-28T20:21:23.497405Z,2026-08-29T02:21:23.084463Z,structured:in1024:out512,7,qwen3.8-max,mixed,7
35.85503186802515,48.68779658213882,23.14496604056364,epoch/block-bootstrap-percentile,7,tokens/second,8.673415110097267,11.48184730799403,6.814451428945176,epoch/block-bootstrap-percentile,7,seconds,8.673415110097267,11.48184730799403,6.814451428945176,epoch/block-bootstrap-percentile,7,seconds,1.0,1.0,1.0,epoch/block-bootstrap-percentile,7,proportion,1.5876871870132163,2.2227262400556356,0.6790540129877627,epoch/block-bootstrap-percentile,7,seconds,1.5876871870132163,2.2227262400556356,0.6790540129877627,epoch/block-bootstrap-percentile,7,seconds,median across registered panels; panels are sampling units,7,stable_exact_prompt,5.999885293888889,2026-08-28T20:21:23.497405Z,2026-08-29T02:21:23.084463Z,structured:in1024:out512,7,qwen3.8-max,mixed,7
40.64837006948509,61.75575768138248,39.376484475254344,epoch/block-bootstrap-percentile,7,tokens/second,102.45755045698024,106.39009006950073,70.38829119852744,epoch/block-bootstrap-percentile,7,seconds,106.62937037084484,107.6707699721912,76.08941645429005,epoch/block-bootstrap-percentile,7,seconds,1.0,1.0,1.0,epoch/block-bootstrap-percentile,7,proportion,1.4798118245089427,2.359594965528231,1.4347414955263957,epoch/block-bootstrap-percentile,7,seconds,1.8155062455800361,3.4787118009931874,1.7091336484765633,epoch/block-bootstrap-percentile,7,seconds,median across registered panels; panels are sampling units,14,panel_unique_cold,5.999885293888889,2026-08-28T20:21:23.497405Z,2026-08-29T02:21:23.084463Z,not_applicable,7,qwen3.8-max,short_long,14
51.73283102064286,65.35515042978216,41.60044994804592,epoch/block-bootstrap-percentile,7,tokens/second,81.2705299864756,101.89022576855496,67.17894319648622,epoch/block-bootstrap-percentile,7,seconds,90.1067964654183,124.00965315492358,72.95608247834608,epoch/block-bootstrap-percentile,7,seconds,1.0,1.0,1.0,epoch/block-bootstrap-percentile,7,proportion,0.973812147451099,2.2632901960168965,0.8460395170259289,epoch/block-bootstrap-percentile,7,seconds,1.2873273746459746,2.2895876281138046,1.143566259095678,epoch/block-bootstrap-percentile,7,seconds,median across registered panels; panels are sampling units,14,stable_exact_prompt,5.999885293888889,2026-08-28T20:21:23.497405Z,2026-08-29T02:21:23.084463Z,not_applicable,7,qwen3.8-max,short_long,14
2.389064338836856,,,single-block-no-CI,1,tokens/second,1.7872710360097699,3.000756599532906,1.383436669013463,epoch/block-bootstrap-percentile,7,seconds,2.0294311846490016,3.253985306987306,1.528229918453144,epoch/block-bootstrap-percentile,7,seconds,1.0,1.0,1.0,epoch/block-bootstrap-percentile,7,proportion,1.2873912645154633,1.44441143295262,1.1902370745083317,epoch/block-bootstrap-percentile,7,seconds,1.434370733826654,1.4903152878629045,1.3883812356623821,epoch/block-bootstrap-percentile,7,seconds,median across registered panels; panels are sampling units,14,panel_unique_cold,5.999885293888889,2026-08-28T20:21:23.497405Z,2026-08-29T02:21:23.084463Z,not_applicable,7,qwen3.8-max,short_short,14
2.5676056100343057,,,single-block-no-CI,1,tokens/second,1.3398104285588488,1.7101780765806325,1.0634576040320098,epoch/block-bootstrap-percentile,7,seconds,1.3420297209871932,2.664074748038547,1.1763574236421845,epoch/block-bootstrap-percentile,7,seconds,1.0,1.0,1.0,epoch/block-bootstrap-percentile,7,proportion,1.2517576784593984,1.4772865420673043,0.9693383440026082,epoch/block-bootstrap-percentile,7,seconds,1.2696434986195528,2.0429575483198277,1.1061524352931884,epoch/block-bootstrap-percentile,7,seconds,median across registered panels; panels are sampling units,14,stable_exact_prompt,5.999885293888889,2026-08-28T20:21:23.497405Z,2026-08-29T02:21:23.084463Z,not_applicable,7,qwen3.8-max,short_short,14
